Datetime,Water Level (m)
2025-11-17 18:00:00,0.55080825
2025-11-17 19:00:00,0.45923454
2025-11-17 20:00:00,0.2661075
2025-11-17 21:00:00,0.0980579
2025-11-17 22:00:00,-0.067163
2025-11-17 23:00:00,-0.226685
2025-11-18 00:00:00,-0.3480844
2025-11-18 01:00:00,-0.36182275
2025-11-18 02:00:00,-0.14223844
2025-11-18 03:00:00,0.040931795
2025-11-18 04:00:00,0.21135287
2025-11-18 05:00:00,0.34926498
2025-11-18 06:00:00,0.39648587
2025-11-18 07:00:00,0.2929297
2025-11-18 08:00:00,0.11677505
2025-11-18 09:00:00,-0.037212808
2025-11-18 10:00:00,-0.20411229
2025-11-18 11:00:00,-0.353524
2025-11-18 12:00:00,-0.46282622
2025-11-18 13:00:00,-0.42890012
2025-11-18 14:00:00,-0.17492104
2025-11-18 15:00:00,0.021382332
2025-11-18 16:00:00,0.23694384
2025-11-18 17:00:00,0.44972545
2025-11-18 18:00:00,0.64858544
2025-11-18 19:00:00,0.6566854
2025-11-18 20:00:00,0.44097465
2025-11-18 21:00:00,0.24890743
2025-11-18 22:00:00,0.07058051
2025-11-18 23:00:00,-0.10080865
2025-11-19 00:00:00,-0.25231266
2025-11-19 01:00:00,-0.35419774
2025-11-19 02:00:00,-0.2686849
2025-11-19 03:00:00,-0.027072331
2025-11-19 04:00:00,0.13685654
2025-11-19 05:00:00,0.30395728
2025-11-19 06:00:00,0.40701765
2025-11-19 07:00:00,0.3866843
2025-11-19 08:00:00,0.22294082
2025-11-19 09:00:00,0.0643214
2025-11-19 10:00:00,-0.09814047
2025-11-19 11:00:00,-0.25949797
2025-11-19 12:00:00,-0.4036767
2025-11-19 13:00:00,-0.47289878
2025-11-19 14:00:00,-0.3234065
2025-11-19 15:00:00,-0.07074378
2025-11-19 16:00:00,0.13686442
2025-11-19 17:00:00,0.35764757
2025-11-19 18:00:00,0.60452753
2025-11-19 19:00:00,0.7298566
2025-11-19 20:00:00,0.62463135
2025-11-19 21:00:00,0.37893793
2025-11-19 22:00:00,0.2011514
2025-11-19 23:00:00,0.019487647
2025-11-20 00:00:00,-0.15497193
2025-11-20 01:00:00,-0.2903854
2025-11-20 02:00:00,-0.34006858
2025-11-20 03:00:00,-0.14670323
2025-11-20 04:00:00,0.056902908
2025-11-20 05:00:00,0.22253492
2025-11-20 06:00:00,0.36611095
2025-11-20 07:00:00,0.4214654
2025-11-20 08:00:00,0.3229236
2025-11-20 09:00:00,0.14647837
2025-11-20 10:00:00,-0.007288822
2025-11-20 11:00:00,-0.17451884
2025-11-20 12:00:00,-0.32860073
2025-11-20 13:00:00,-0.4472437
2025-11-20 14:00:00,-0.4473605
2025-11-20 15:00:00,-0.1920894
2025-11-20 16:00:00,0.024498116
2025-11-20 17:00:00,0.24659017
2025-11-20 18:00:00,0.48044592
2025-11-20 19:00:00,0.7066741
2025-11-20 20:00:00,0.71728057
2025-11-20 21:00:00,0.49675405
2025-11-20 22:00:00,0.3001073
2025-11-20 23:00:00,0.1167337
2025-11-21 00:00:00,-0.059861414
2025-11-21 01:00:00,-0.22099672
2025-11-21 02:00:00,-0.33926055
2025-11-21 03:00:00,-0.29992467
2025-11-21 04:00:00,-0.060862068
2025-11-21 05:00:00,0.11049334
2025-11-21 06:00:00,0.27667913
2025-11-21 07:00:00,0.38767758
2025-11-21 08:00:00,0.37108046
2025-11-21 09:00:00,0.20836493
2025-11-21 10:00:00,0.054820824
2025-11-21 11:00:00,-0.10501994
2025-11-21 12:00:00,-0.26438782
2025-11-21 13:00:00,-0.4099922
2025-11-21 14:00:00,-0.4967465
2025-11-21 15:00:00,-0.36393985
2025-11-21 16:00:00,-0.10077027
2025-11-21 17:00:00,0.10598691
2025-11-21 18:00:00,0.3348517
2025-11-21 19:00:00,0.59696484
2025-11-21 20:00:00,0.73169285
2025-11-21 21:00:00,0.64132
2025-11-21 22:00:00,0.39276525
2025-11-21 23:00:00,0.21766242
2025-11-22 00:00:00,0.035745814
2025-11-22 01:00:00,-0.13522974
2025-11-22 02:00:00,-0.27558023
2025-11-22 03:00:00,-0.34210843
2025-11-22 04:00:00,-0.18566133
2025-11-22 05:00:00,0.025533557
2025-11-22 06:00:00,0.1846792
2025-11-22 07:00:00,0.3307837
2025-11-22 08:00:00,0.38321564
2025-11-22 09:00:00,0.28590244
2025-11-22 10:00:00,0.11766621
2025-11-22 11:00:00,-0.028656693
2025-11-22 12:00:00,-0.19042453
2025-11-22 13:00:00,-0.33904985
2025-11-22 14:00:00,-0.45616525
2025-11-22 15:00:00,-0.46690413
2025-11-22 16:00:00,-0.22938502
2025-11-22 17:00:00,-0.010789965
2025-11-22 18:00:00,0.21097802
2025-11-22 19:00:00,0.4302293
2025-11-22 20:00:00,0.68207824
2025-11-22 21:00:00,0.7046917
2025-11-22 22:00:00,0.50232446
2025-11-22 23:00:00,0.3042345
2025-11-23 00:00:00,0.12639661
2025-11-23 01:00:00,-0.04634944
2025-11-23 02:00:00,-0.2053878
2025-11-23 03:00:00,-0.31986627
2025-11-23 04:00:00,-0.29617992
2025-11-23 05:00:00,-0.081882395
2025-11-23 06:00:00,0.07904745
2025-11-23 07:00:00,0.23767352
2025-11-23 08:00:00,0.3467445
2025-11-23 09:00:00,0.3370004
2025-11-23 10:00:00,0.18733428
2025-11-23 11:00:00,0.041614063
2025-11-23 12:00:00,-0.110197105
2025-11-23 13:00:00,-0.26041225
2025-11-23 14:00:00,-0.39828587
2025-11-23 15:00:00,-0.4735925
2025-11-23 16:00:00,-0.37339267
2025-11-23 17:00:00,-0.12434743
2025-11-23 18:00:00,0.07380156
